{"cameraMode":{"drawMode":0,"name":"Shaded","section":"Shading Mode"},"sceneLighting":true,"audioPlay":false,"sceneViewState":{"showFog":false,"showMaterialUpdate":false,"showSkybox":false,"showFlares":false,"showImageEffects":false,"showParticleSystems":true},"in2DMode":false,"pivot":{"x":-5.161564826965332,"y":3.344360589981079,"z":-0.3268027603626251},"rotation":{"x":-0.08857766538858414,"y":0.6971715688705444,"z":-0.08746837824583054,"w":-0.706013560295105},"size":17.483909606933595,"orthographic":false}