{"cameraMode":{"drawMode":0,"name":"Shaded","section":"Shading Mode"},"sceneLighting":true,"audioPlay":false,"sceneViewState":{"showFog":false,"showMaterialUpdate":false,"showSkybox":false,"showFlares":false,"showImageEffects":false,"showParticleSystems":true},"in2DMode":false,"pivot":{"x":0.6692743301391602,"y":0.43993473052978518,"z":0.8910513520240784},"rotation":{"x":-0.30705371499061587,"y":0.6285293102264404,"z":-0.296905517578125,"w":-0.6500124335289002},"size":23.51729393005371,"orthographic":false}